"['Yarostan', 'st', 'Yarostan_-_05_-_Commencement.mp3']","
Punk, Hardcore ",https://files.freemusicarchive.org/storage-freemusicarchive-org/music/Ziklibrenbib/Yarostan/st/Yarostan_-_05_-_Commencement.mp3
"['Yarostan', 'st', 'Yarostan_-_04_-_Linertie_du_mouvement.mp3']","
Punk, Hardcore ",https://files.freemusicarchive.org/storage-freemusicarchive-org/music/Ziklibrenbib/Yarostan/st/Yarostan_-_04_-_Linertie_du_mouvement.mp3
"['Yarostan', 'st', 'Yarostan_-_03_-_Effondrement.mp3']","
Punk, Hardcore ",https://files.freemusicarchive.org/storage-freemusicarchive-org/music/Ziklibrenbib/Yarostan/st/Yarostan_-_03_-_Effondrement.mp3
"['Yarostan', 'st', 'Yarostan_-_02_-_Nous_contre_nous.mp3']","
Punk, Hardcore ",https://files.freemusicarchive.org/storage-freemusicarchive-org/music/Ziklibrenbib/Yarostan/st/Yarostan_-_02_-_Nous_contre_nous.mp3
"['Yarostan', 'st', 'Yarostan_-_01_-_Des_parkings_pour_admirer.mp3']","
Punk, Hardcore ",https://files.freemusicarchive.org/storage-freemusicarchive-org/music/Ziklibrenbib/Yarostan/st/Yarostan_-_01_-_Des_parkings_pour_admirer.mp3
"['Ulises_Lima', 'The_Suicidal', 'Ulises_Lima_-_04_-_Mark_1.mp3']","
Punk, Hardcore ",https://files.freemusicarchive.org/storage-freemusicarchive-org/music/Ziklibrenbib/Ulises_Lima/The_Suicidal/Ulises_Lima_-_04_-_Mark_1.mp3
"['Ulises_Lima', 'The_Suicidal', 'Ulises_Lima_-_03_-_Crumbs.mp3']","
Punk, Hardcore ",https://files.freemusicarchive.org/storage-freemusicarchive-org/music/Ziklibrenbib/Ulises_Lima/The_Suicidal/Ulises_Lima_-_03_-_Crumbs.mp3
"['Ulises_Lima', 'The_Suicidal', 'Ulises_Lima_-_02_-_Lungs_Provide.mp3']","
Punk, Hardcore ",https://files.freemusicarchive.org/storage-freemusicarchive-org/music/Ziklibrenbib/Ulises_Lima/The_Suicidal/Ulises_Lima_-_02_-_Lungs_Provide.mp3
"['Ulises_Lima', 'The_Suicidal', 'Ulises_Lima_-_01_-_A_Dad_and_his_Son.mp3']","
Punk, Hardcore ",https://files.freemusicarchive.org/storage-freemusicarchive-org/music/Ziklibrenbib/Ulises_Lima/The_Suicidal/Ulises_Lima_-_01_-_A_Dad_and_his_Son.mp3
"['AROKIN', '1985', 'AROKIN_-_03_-_Solipsism.mp3']","
Punk, Loud-Rock, Hardcore ",https://files.freemusicarchive.org/storage-freemusicarchive-org/music/no_curator/AROKIN/1985/AROKIN_-_03_-_Solipsism.mp3
"['AROKIN', '1985', 'AROKIN_-_02_-_NEET.mp3']","
Punk, Loud-Rock, Hardcore ",https://files.freemusicarchive.org/storage-freemusicarchive-org/music/no_curator/AROKIN/1985/AROKIN_-_02_-_NEET.mp3
"['AROKIN', '1985', 'AROKIN_-_01_-_And_Yet_Still_A_Lardass_I_Am.mp3']","
Punk, Loud-Rock, Hardcore ",https://files.freemusicarchive.org/storage-freemusicarchive-org/music/no_curator/AROKIN/1985/AROKIN_-_01_-_And_Yet_Still_A_Lardass_I_Am.mp3
"['Pudge', 'Chippy_Peas', 'Pudge_-_10_-_Sweetheart.mp3']","
Punk, Hardcore, Power-Pop ",https://files.freemusicarchive.org/storage-freemusicarchive-org/music/Oddio_Overplay/Pudge/Chippy_Peas/Pudge_-_10_-_Sweetheart.mp3
"['Pudge', 'Chippy_Peas', 'Pudge_-_09_-_Copout.mp3']","
Punk, Hardcore, Power-Pop ",https://files.freemusicarchive.org/storage-freemusicarchive-org/music/Oddio_Overplay/Pudge/Chippy_Peas/Pudge_-_09_-_Copout.mp3
"['Pudge', 'Chippy_Peas', 'Pudge_-_08_-_ABCD.mp3']","
Punk, Hardcore, Power-Pop ",https://files.freemusicarchive.org/storage-freemusicarchive-org/music/Oddio_Overplay/Pudge/Chippy_Peas/Pudge_-_08_-_ABCD.mp3
"['Pudge', 'Chippy_Peas', 'Pudge_-_07_-_Strongbow.mp3']","
Punk, Hardcore, Power-Pop ",https://files.freemusicarchive.org/storage-freemusicarchive-org/music/Oddio_Overplay/Pudge/Chippy_Peas/Pudge_-_07_-_Strongbow.mp3
"['Pudge', 'Chippy_Peas', 'Pudge_-_06_-_Bus_Strike.mp3']","
Punk, Hardcore, Power-Pop ",https://files.freemusicarchive.org/storage-freemusicarchive-org/music/Oddio_Overplay/Pudge/Chippy_Peas/Pudge_-_06_-_Bus_Strike.mp3
"['Pudge', 'Chippy_Peas', 'Pudge_-_05_-_Chippy_Tea.mp3']","
Punk, Hardcore, Power-Pop ",https://files.freemusicarchive.org/storage-freemusicarchive-org/music/Oddio_Overplay/Pudge/Chippy_Peas/Pudge_-_05_-_Chippy_Tea.mp3
"['Pudge', 'Chippy_Peas', 'Pudge_-_04_-_Quit_While_Youre_Behind.mp3']","
Punk, Hardcore, Power-Pop ",https://files.freemusicarchive.org/storage-freemusicarchive-org/music/Oddio_Overplay/Pudge/Chippy_Peas/Pudge_-_04_-_Quit_While_Youre_Behind.mp3
"['Pudge', 'Chippy_Peas', 'Pudge_-_03_-_Clean_Livin.mp3']","
Punk, Hardcore, Power-Pop ",https://files.freemusicarchive.org/storage-freemusicarchive-org/music/Oddio_Overplay/Pudge/Chippy_Peas/Pudge_-_03_-_Clean_Livin.mp3
"['Pudge', 'Chippy_Peas', 'Pudge_-_02_-_Here_Comes_The_Science_Bit.mp3']","
Punk, Hardcore, Power-Pop ",https://files.freemusicarchive.org/storage-freemusicarchive-org/music/Oddio_Overplay/Pudge/Chippy_Peas/Pudge_-_02_-_Here_Comes_The_Science_Bit.mp3
"['Pudge', 'Chippy_Peas', 'Pudge_-_01_-_Fuckin_Yes_Mate.mp3']","
Punk, Hardcore, Power-Pop ",https://files.freemusicarchive.org/storage-freemusicarchive-org/music/Oddio_Overplay/Pudge/Chippy_Peas/Pudge_-_01_-_Fuckin_Yes_Mate.mp3
"['Ultramerda', 'Il_Silenzio_Non_Esiste', 'Ultramerda_-_11_-_Odia_Faster_Bootleg.mp3']","
Noise, Hardcore ",https://files.freemusicarchive.org/storage-freemusicarchive-org/music/no_curator/Ultramerda/Il_Silenzio_Non_Esiste/Ultramerda_-_11_-_Odia_Faster_Bootleg.mp3
"['Ultramerda', 'Il_Silenzio_Non_Esiste', 'Ultramerda_-_10_-_Requiem_Aeternam_El_Sueo_De_La_Razn_Produce_Monstruos.mp3']","
Noise, Hardcore ",https://files.freemusicarchive.org/storage-freemusicarchive-org/music/no_curator/Ultramerda/Il_Silenzio_Non_Esiste/Ultramerda_-_10_-_Requiem_Aeternam_El_Sueo_De_La_Razn_Produce_Monstruos.mp3
"['Ultramerda', 'Il_Silenzio_Non_Esiste', 'Ultramerda_-_06_-_Italia_Amore_Mio.mp3']","
Noise, Hardcore ",https://files.freemusicarchive.org/storage-freemusicarchive-org/music/no_curator/Ultramerda/Il_Silenzio_Non_Esiste/Ultramerda_-_06_-_Italia_Amore_Mio.mp3
"['Ultramerda', 'Il_Silenzio_Non_Esiste', 'Ultramerda_-_05_-_Negli_Abissi.mp3']","
Noise, Hardcore ",https://files.freemusicarchive.org/storage-freemusicarchive-org/music/no_curator/Ultramerda/Il_Silenzio_Non_Esiste/Ultramerda_-_05_-_Negli_Abissi.mp3
"['Ultramerda', 'Il_Silenzio_Non_Esiste', 'Ultramerda_-_04_-_Natan.mp3']","
Noise, Hardcore ",https://files.freemusicarchive.org/storage-freemusicarchive-org/music/no_curator/Ultramerda/Il_Silenzio_Non_Esiste/Ultramerda_-_04_-_Natan.mp3
"['Ultramerda', 'Il_Silenzio_Non_Esiste', 'Ultramerda_-_09_-_Anime_Perse.mp3']","
Noise, Hardcore ",https://files.freemusicarchive.org/storage-freemusicarchive-org/music/no_curator/Ultramerda/Il_Silenzio_Non_Esiste/Ultramerda_-_09_-_Anime_Perse.mp3
"['Ultramerda', 'Il_Silenzio_Non_Esiste', 'Ultramerda_-_08_-_The_Man_That_Has_No_Face.mp3']","
Noise, Hardcore ",https://files.freemusicarchive.org/storage-freemusicarchive-org/music/no_curator/Ultramerda/Il_Silenzio_Non_Esiste/Ultramerda_-_08_-_The_Man_That_Has_No_Face.mp3
"['Ultramerda', 'Il_Silenzio_Non_Esiste', 'Ultramerda_-_07_-_Tortura_Anemica.mp3']","
Noise, Hardcore ",https://files.freemusicarchive.org/storage-freemusicarchive-org/music/no_curator/Ultramerda/Il_Silenzio_Non_Esiste/Ultramerda_-_07_-_Tortura_Anemica.mp3
"['Ultramerda', 'Il_Silenzio_Non_Esiste', 'Ultramerda_-_03_-_Cigno_Nero_Lui_Leroina.mp3']","
Noise, Hardcore ",https://files.freemusicarchive.org/storage-freemusicarchive-org/music/no_curator/Ultramerda/Il_Silenzio_Non_Esiste/Ultramerda_-_03_-_Cigno_Nero_Lui_Leroina.mp3
"['Ultramerda', 'Il_Silenzio_Non_Esiste', 'Ultramerda_-_02_-_Con_tutto_Lodio_Che_Posso.mp3']","
Noise, Hardcore ",https://files.freemusicarchive.org/storage-freemusicarchive-org/music/no_curator/Ultramerda/Il_Silenzio_Non_Esiste/Ultramerda_-_02_-_Con_tutto_Lodio_Che_Posso.mp3
"['Ultramerda', 'Il_Silenzio_Non_Esiste', 'Ultramerda_-_01_-_Arturo_Fonzarello.mp3']","
Noise, Hardcore ",https://files.freemusicarchive.org/storage-freemusicarchive-org/music/no_curator/Ultramerda/Il_Silenzio_Non_Esiste/Ultramerda_-_01_-_Arturo_Fonzarello.mp3
"['6128F', '6128F_-_Singles', '6128F_-_Hardwired_Hate_Server_REDUX.mp3']","
Noise, Industrial, Hardcore ",https://files.freemusicarchive.org/storage-freemusicarchive-org/music/Spettro_Rec/6128F/6128F_-_Singles/6128F_-_Hardwired_Hate_Server_REDUX.mp3
"['Jesus_Chrust', '2_Satanic_4_Love', 'Jesus_Chrust_-_02_-_Eat_My_Fuck.mp3']","
Experimental, Thrash ",https://files.freemusicarchive.org/storage-freemusicarchive-org/music/Mass_Dist/Jesus_Chrust/2_Satanic_4_Love/Jesus_Chrust_-_02_-_Eat_My_Fuck.mp3
"['Jesus_Chrust', '2_Satanic_4_Love', 'Jesus_Chrust_-_04_-_Penis_Chrust.mp3']","
Experimental, Thrash ",https://files.freemusicarchive.org/storage-freemusicarchive-org/music/Mass_Dist/Jesus_Chrust/2_Satanic_4_Love/Jesus_Chrust_-_04_-_Penis_Chrust.mp3
"['Jesus_Chrust', '2_Satanic_4_Love', 'Jesus_Chrust_-_01_-_I_Feel_My_Chrust.mp3']","
Experimental, Thrash ",https://files.freemusicarchive.org/storage-freemusicarchive-org/music/Mass_Dist/Jesus_Chrust/2_Satanic_4_Love/Jesus_Chrust_-_01_-_I_Feel_My_Chrust.mp3
"['Jesus_Chrust', '2_Satanic_4_Love', 'Jesus_Chrust_-_03_-_Epilogue_of_a_Murder.mp3']","
Experimental, Thrash ",https://files.freemusicarchive.org/storage-freemusicarchive-org/music/Mass_Dist/Jesus_Chrust/2_Satanic_4_Love/Jesus_Chrust_-_03_-_Epilogue_of_a_Murder.mp3
"['Jesus_Chrust', '2_Satanic_4_Love', 'Jesus_Chrust_-_05_-_2_Satanic_4_Love.mp3']","
Experimental, Thrash ",https://files.freemusicarchive.org/storage-freemusicarchive-org/music/Mass_Dist/Jesus_Chrust/2_Satanic_4_Love/Jesus_Chrust_-_05_-_2_Satanic_4_Love.mp3
"['augen', 'M20', 'augen_-_06_-_raureif.mp3']","
Punk, Death-Metal, Hardcore ",https://files.freemusicarchive.org/storage-freemusicarchive-org/music/ccCommunity/augen/M20/augen_-_06_-_raureif.mp3
"['augen', 'M20', 'augen_-_05_-_living_the_dream.mp3']","
Punk, Death-Metal, Hardcore ",https://files.freemusicarchive.org/storage-freemusicarchive-org/music/ccCommunity/augen/M20/augen_-_05_-_living_the_dream.mp3
"['augen', 'M20', 'augen_-_04_-_immer_ja.mp3']","
Punk, Death-Metal, Hardcore ",https://files.freemusicarchive.org/storage-freemusicarchive-org/music/ccCommunity/augen/M20/augen_-_04_-_immer_ja.mp3
"['augen', 'M20', 'augen_-_03_-_traummaschine.mp3']","
Punk, Death-Metal, Hardcore ",https://files.freemusicarchive.org/storage-freemusicarchive-org/music/ccCommunity/augen/M20/augen_-_03_-_traummaschine.mp3
"['augen', 'M20', 'augen_-_02_-_untertan.mp3']","
Punk, Death-Metal, Hardcore ",https://files.freemusicarchive.org/storage-freemusicarchive-org/music/ccCommunity/augen/M20/augen_-_02_-_untertan.mp3
"['augen', 'M20', 'augen_-_01_-_offensichtlich_unbegruendet.mp3']","
Punk, Death-Metal, Hardcore ",https://files.freemusicarchive.org/storage-freemusicarchive-org/music/ccCommunity/augen/M20/augen_-_01_-_offensichtlich_unbegruendet.mp3
"['Marcos_H_Bolanos', 'Unchained_Melodies_Vol2', 'Marcos_H_Bolanos_-_12_-_Extreme_Fight.mp3']","
Rock, Loud-Rock, Hardcore ",https://files.freemusicarchive.org/storage-freemusicarchive-org/music/ccCommunity/Marcos_H_Bolanos/Unchained_Melodies_Vol2/Marcos_H_Bolanos_-_12_-_Extreme_Fight.mp3
"['Haram', 'Live_on_WFMU_for_Hello_Children_With_Faye_422017', 'Haram_-_In-Studio_Performance.mp3']","
Punk, Hardcore ",https://files.freemusicarchive.org/storage-freemusicarchive-org/music/WFMU/Haram/Live_on_WFMU_for_Hello_Children_With_Faye_422017/Haram_-_In-Studio_Performance.mp3
"['Regular_Gonzales', 'War_Were_Declared', 'Regular_Gonzales_-_10_-_Asylum.mp3']","
Metal, Sludge, Hardcore ",https://files.freemusicarchive.org/storage-freemusicarchive-org/music/ccCommunity/Regular_Gonzales/War_Were_Declared/Regular_Gonzales_-_10_-_Asylum.mp3
"['Regular_Gonzales', 'War_Were_Declared', 'Regular_Gonzales_-_09_-_Home.mp3']","
Metal, Sludge, Hardcore ",https://files.freemusicarchive.org/storage-freemusicarchive-org/music/ccCommunity/Regular_Gonzales/War_Were_Declared/Regular_Gonzales_-_09_-_Home.mp3
"['Regular_Gonzales', 'War_Were_Declared', 'Regular_Gonzales_-_08_-_Blackout.mp3']","
Metal, Sludge, Hardcore ",https://files.freemusicarchive.org/storage-freemusicarchive-org/music/ccCommunity/Regular_Gonzales/War_Were_Declared/Regular_Gonzales_-_08_-_Blackout.mp3
"['Regular_Gonzales', 'War_Were_Declared', 'Regular_Gonzales_-_07_-_Shakedown.mp3']","
Metal, Sludge, Hardcore ",https://files.freemusicarchive.org/storage-freemusicarchive-org/music/ccCommunity/Regular_Gonzales/War_Were_Declared/Regular_Gonzales_-_07_-_Shakedown.mp3
"['Regular_Gonzales', 'War_Were_Declared', 'Regular_Gonzales_-_06_-_Lost_Cause.mp3']","
Metal, Sludge, Hardcore ",https://files.freemusicarchive.org/storage-freemusicarchive-org/music/ccCommunity/Regular_Gonzales/War_Were_Declared/Regular_Gonzales_-_06_-_Lost_Cause.mp3
"['Regular_Gonzales', 'War_Were_Declared', 'Regular_Gonzales_-_05_-_Storm.mp3']","
Metal, Sludge, Hardcore ",https://files.freemusicarchive.org/storage-freemusicarchive-org/music/ccCommunity/Regular_Gonzales/War_Were_Declared/Regular_Gonzales_-_05_-_Storm.mp3
"['Regular_Gonzales', 'War_Were_Declared', 'Regular_Gonzales_-_04_-_Autoantagonist.mp3']","
Metal, Sludge, Hardcore ",https://files.freemusicarchive.org/storage-freemusicarchive-org/music/ccCommunity/Regular_Gonzales/War_Were_Declared/Regular_Gonzales_-_04_-_Autoantagonist.mp3
"['Regular_Gonzales', 'War_Were_Declared', 'Regular_Gonzales_-_03_-_Warriors.mp3']","
Metal, Sludge, Hardcore ",https://files.freemusicarchive.org/storage-freemusicarchive-org/music/ccCommunity/Regular_Gonzales/War_Were_Declared/Regular_Gonzales_-_03_-_Warriors.mp3
"['Regular_Gonzales', 'War_Were_Declared', 'Regular_Gonzales_-_02_-_Seeing_Red.mp3']","
Metal, Sludge, Hardcore ",https://files.freemusicarchive.org/storage-freemusicarchive-org/music/ccCommunity/Regular_Gonzales/War_Were_Declared/Regular_Gonzales_-_02_-_Seeing_Red.mp3
"['Regular_Gonzales', 'War_Were_Declared', 'Regular_Gonzales_-_01_-_Bombrero.mp3']","
Metal, Sludge, Hardcore ",https://files.freemusicarchive.org/storage-freemusicarchive-org/music/ccCommunity/Regular_Gonzales/War_Were_Declared/Regular_Gonzales_-_01_-_Bombrero.mp3
"['Laisse_Sheila_Tranquille', 'First_Demo__Rehearsal__First_Show_2007-2008', 'Laisse_Sheila_Tranquille_-_20_-_Outroduction_-_Live_au_Percy_1er_Mars_2008.mp3']","
Punk, Garage, Hardcore ",https://files.freemusicarchive.org/storage-freemusicarchive-org/music/no_curator/Laisse_Sheila_Tranquille/First_Demo__Rehearsal__First_Show_2007-2008/Laisse_Sheila_Tranquille_-_20_-_Outroduction_-_Live_au_Percy_1er_Mars_2008.mp3
"['Laisse_Sheila_Tranquille', 'First_Demo__Rehearsal__First_Show_2007-2008', 'Laisse_Sheila_Tranquille_-_19_-_Nazi_Scum_Rules_The_World_-_Fev_2008.mp3']","
Punk, Garage, Hardcore ",https://files.freemusicarchive.org/storage-freemusicarchive-org/music/no_curator/Laisse_Sheila_Tranquille/First_Demo__Rehearsal__First_Show_2007-2008/Laisse_Sheila_Tranquille_-_19_-_Nazi_Scum_Rules_The_World_-_Fev_2008.mp3
"['Laisse_Sheila_Tranquille', 'First_Demo__Rehearsal__First_Show_2007-2008', 'Laisse_Sheila_Tranquille_-_18_-_Melvin2_-_Fev_2008.mp3']","
Punk, Garage, Hardcore ",https://files.freemusicarchive.org/storage-freemusicarchive-org/music/no_curator/Laisse_Sheila_Tranquille/First_Demo__Rehearsal__First_Show_2007-2008/Laisse_Sheila_Tranquille_-_18_-_Melvin2_-_Fev_2008.mp3
"['Laisse_Sheila_Tranquille', 'First_Demo__Rehearsal__First_Show_2007-2008', 'Laisse_Sheila_Tranquille_-_17_-_Arial_Song_-_Last_Gig_210708.mp3']","
Punk, Garage, Hardcore ",https://files.freemusicarchive.org/storage-freemusicarchive-org/music/no_curator/Laisse_Sheila_Tranquille/First_Demo__Rehearsal__First_Show_2007-2008/Laisse_Sheila_Tranquille_-_17_-_Arial_Song_-_Last_Gig_210708.mp3
"['Laisse_Sheila_Tranquille', 'First_Demo__Rehearsal__First_Show_2007-2008', 'Laisse_Sheila_Tranquille_-_16_-_Le_DAV70_-_Live.mp3']","
Punk, Garage, Hardcore ",https://files.freemusicarchive.org/storage-freemusicarchive-org/music/no_curator/Laisse_Sheila_Tranquille/First_Demo__Rehearsal__First_Show_2007-2008/Laisse_Sheila_Tranquille_-_16_-_Le_DAV70_-_Live.mp3
"['Laisse_Sheila_Tranquille', 'First_Demo__Rehearsal__First_Show_2007-2008', 'Laisse_Sheila_Tranquille_-_15_-_LST_-_Lie_Lie_Lie_-_First_Live_2007.mp3']","
Punk, Garage, Hardcore ",https://files.freemusicarchive.org/storage-freemusicarchive-org/music/no_curator/Laisse_Sheila_Tranquille/First_Demo__Rehearsal__First_Show_2007-2008/Laisse_Sheila_Tranquille_-_15_-_LST_-_Lie_Lie_Lie_-_First_Live_2007.mp3
"['Laisse_Sheila_Tranquille', 'First_Demo__Rehearsal__First_Show_2007-2008', 'Laisse_Sheila_Tranquille_-_14_-_LST_-_Def_XI_Will_Never_Die_-_First_Live_2007.mp3']","
Punk, Garage, Hardcore ",https://files.freemusicarchive.org/storage-freemusicarchive-org/music/no_curator/Laisse_Sheila_Tranquille/First_Demo__Rehearsal__First_Show_2007-2008/Laisse_Sheila_Tranquille_-_14_-_LST_-_Def_XI_Will_Never_Die_-_First_Live_2007.mp3
"['Laisse_Sheila_Tranquille', 'First_Demo__Rehearsal__First_Show_2007-2008', 'Laisse_Sheila_Tranquille_-_13_-_Rock_And_Roll_Youth_-_First_Live_2007.mp3']","
Punk, Garage, Hardcore ",https://files.freemusicarchive.org/storage-freemusicarchive-org/music/no_curator/Laisse_Sheila_Tranquille/First_Demo__Rehearsal__First_Show_2007-2008/Laisse_Sheila_Tranquille_-_13_-_Rock_And_Roll_Youth_-_First_Live_2007.mp3
"['Laisse_Sheila_Tranquille', 'First_Demo__Rehearsal__First_Show_2007-2008', 'Laisse_Sheila_Tranquille_-_12_-_Sheila_Electro_-_First_Live_2007.mp3']","
Punk, Garage, Hardcore ",https://files.freemusicarchive.org/storage-freemusicarchive-org/music/no_curator/Laisse_Sheila_Tranquille/First_Demo__Rehearsal__First_Show_2007-2008/Laisse_Sheila_Tranquille_-_12_-_Sheila_Electro_-_First_Live_2007.mp3
"['Laisse_Sheila_Tranquille', 'First_Demo__Rehearsal__First_Show_2007-2008', 'Laisse_Sheila_Tranquille_-_11_-_NaziScum_Rules_The_World_-_First_Live_2007.mp3']","
Punk, Garage, Hardcore ",https://files.freemusicarchive.org/storage-freemusicarchive-org/music/no_curator/Laisse_Sheila_Tranquille/First_Demo__Rehearsal__First_Show_2007-2008/Laisse_Sheila_Tranquille_-_11_-_NaziScum_Rules_The_World_-_First_Live_2007.mp3
"['Laisse_Sheila_Tranquille', 'First_Demo__Rehearsal__First_Show_2007-2008', 'Laisse_Sheila_Tranquille_-_08_-_Jesus_Court_-_Rehearsal_2007.mp3']","
Punk, Garage, Hardcore ",https://files.freemusicarchive.org/storage-freemusicarchive-org/music/no_curator/Laisse_Sheila_Tranquille/First_Demo__Rehearsal__First_Show_2007-2008/Laisse_Sheila_Tranquille_-_08_-_Jesus_Court_-_Rehearsal_2007.mp3
"['Laisse_Sheila_Tranquille', 'First_Demo__Rehearsal__First_Show_2007-2008', 'Laisse_Sheila_Tranquille_-_07_-_Moto_Raven_-_Rehearsal_2007.mp3']","
Punk, Garage, Hardcore ",https://files.freemusicarchive.org/storage-freemusicarchive-org/music/no_curator/Laisse_Sheila_Tranquille/First_Demo__Rehearsal__First_Show_2007-2008/Laisse_Sheila_Tranquille_-_07_-_Moto_Raven_-_Rehearsal_2007.mp3
"['Laisse_Sheila_Tranquille', 'First_Demo__Rehearsal__First_Show_2007-2008', 'Laisse_Sheila_Tranquille_-_06_-_How_Can_You_Feel_Alone_-_Rehearsal_2008.mp3']","
Punk, Garage, Hardcore ",https://files.freemusicarchive.org/storage-freemusicarchive-org/music/no_curator/Laisse_Sheila_Tranquille/First_Demo__Rehearsal__First_Show_2007-2008/Laisse_Sheila_Tranquille_-_06_-_How_Can_You_Feel_Alone_-_Rehearsal_2008.mp3
"['Laisse_Sheila_Tranquille', 'First_Demo__Rehearsal__First_Show_2007-2008', 'Laisse_Sheila_Tranquille_-_05_-_Lie_Lie_Lie_-_First_Demo_2007.mp3']","
Punk, Garage, Hardcore ",https://files.freemusicarchive.org/storage-freemusicarchive-org/music/no_curator/Laisse_Sheila_Tranquille/First_Demo__Rehearsal__First_Show_2007-2008/Laisse_Sheila_Tranquille_-_05_-_Lie_Lie_Lie_-_First_Demo_2007.mp3
"['Laisse_Sheila_Tranquille', 'First_Demo__Rehearsal__First_Show_2007-2008', 'Laisse_Sheila_Tranquille_-_04_-_Surfin_Shell_-_First_Demo_2007.mp3']","
Punk, Garage, Hardcore ",https://files.freemusicarchive.org/storage-freemusicarchive-org/music/no_curator/Laisse_Sheila_Tranquille/First_Demo__Rehearsal__First_Show_2007-2008/Laisse_Sheila_Tranquille_-_04_-_Surfin_Shell_-_First_Demo_2007.mp3
"['Laisse_Sheila_Tranquille', 'First_Demo__Rehearsal__First_Show_2007-2008', 'Laisse_Sheila_Tranquille_-_03_-_Rock_And_Roll_Youth_-_First_Demo_2007.mp3']","
Punk, Garage, Hardcore ",https://files.freemusicarchive.org/storage-freemusicarchive-org/music/no_curator/Laisse_Sheila_Tranquille/First_Demo__Rehearsal__First_Show_2007-2008/Laisse_Sheila_Tranquille_-_03_-_Rock_And_Roll_Youth_-_First_Demo_2007.mp3
"['Laisse_Sheila_Tranquille', 'First_Demo__Rehearsal__First_Show_2007-2008', 'Laisse_Sheila_Tranquille_-_02_-_Sheila_Electro_-_First_Demo_2007.mp3']","
Punk, Garage, Hardcore ",https://files.freemusicarchive.org/storage-freemusicarchive-org/music/no_curator/Laisse_Sheila_Tranquille/First_Demo__Rehearsal__First_Show_2007-2008/Laisse_Sheila_Tranquille_-_02_-_Sheila_Electro_-_First_Demo_2007.mp3
"['Laisse_Sheila_Tranquille', 'First_Demo__Rehearsal__First_Show_2007-2008', 'Laisse_Sheila_Tranquille_-_01_-_NaziScum_Rules_The_World_-_First_Demo_2007.mp3']","
Punk, Garage, Hardcore ",https://files.freemusicarchive.org/storage-freemusicarchive-org/music/no_curator/Laisse_Sheila_Tranquille/First_Demo__Rehearsal__First_Show_2007-2008/Laisse_Sheila_Tranquille_-_01_-_NaziScum_Rules_The_World_-_First_Demo_2007.mp3
"['The_Nutries', 'The_Nutries', 'The_Nutries_-_06_-_Tre_Parole.mp3']","
Punk, Hardcore ",https://files.freemusicarchive.org/storage-freemusicarchive-org/music/no_curator/The_Nutries/The_Nutries/The_Nutries_-_06_-_Tre_Parole.mp3
"['The_Nutries', 'The_Nutries', 'The_Nutries_-_03_-_Raptus_Infernale.mp3']","
Punk, Hardcore ",https://files.freemusicarchive.org/storage-freemusicarchive-org/music/no_curator/The_Nutries/The_Nutries/The_Nutries_-_03_-_Raptus_Infernale.mp3
"['The_Nutries', 'The_Nutries', 'The_Nutries_-_07_-_Libero__BBB.mp3']","
Punk, Hardcore ",https://files.freemusicarchive.org/storage-freemusicarchive-org/music/no_curator/The_Nutries/The_Nutries/The_Nutries_-_07_-_Libero__BBB.mp3
"['The_Nutries', 'The_Nutries', 'The_Nutries_-_05_-_Sogni_Infranti.mp3']","
Punk, Hardcore ",https://files.freemusicarchive.org/storage-freemusicarchive-org/music/no_curator/The_Nutries/The_Nutries/The_Nutries_-_05_-_Sogni_Infranti.mp3
"['The_Nutries', 'The_Nutries', 'The_Nutries_-_04_-_Mr__S.mp3']","
Punk, Hardcore ",https://files.freemusicarchive.org/storage-freemusicarchive-org/music/no_curator/The_Nutries/The_Nutries/The_Nutries_-_04_-_Mr__S.mp3
"['The_Nutries', 'The_Nutries', 'The_Nutries_-_02_-_Uragano.mp3']","
Punk, Hardcore ",https://files.freemusicarchive.org/storage-freemusicarchive-org/music/no_curator/The_Nutries/The_Nutries/The_Nutries_-_02_-_Uragano.mp3
"['The_Nutries', 'The_Nutries', 'The_Nutries_-_01_-_Asfissia.mp3']","
Punk, Hardcore ",https://files.freemusicarchive.org/storage-freemusicarchive-org/music/no_curator/The_Nutries/The_Nutries/The_Nutries_-_01_-_Asfissia.mp3
"['S-21', 'Live_on_Hello_Children_with_Faye_1152017', 'S-21_-_07_-_Power_Abuse.mp3']","
Punk, Hardcore ",https://files.freemusicarchive.org/storage-freemusicarchive-org/music/WFMU/S-21/Live_on_Hello_Children_with_Faye_1152017/S-21_-_07_-_Power_Abuse.mp3
"['S-21', 'Live_on_Hello_Children_with_Faye_1152017', 'S-21_-_06_-_Year_Zero.mp3']","
Punk, Hardcore ",https://files.freemusicarchive.org/storage-freemusicarchive-org/music/WFMU/S-21/Live_on_Hello_Children_with_Faye_1152017/S-21_-_06_-_Year_Zero.mp3
"['S-21', 'Live_on_Hello_Children_with_Faye_1152017', 'S-21_-_05_-_Prisoner.mp3']","
Punk, Hardcore ",https://files.freemusicarchive.org/storage-freemusicarchive-org/music/WFMU/S-21/Live_on_Hello_Children_with_Faye_1152017/S-21_-_05_-_Prisoner.mp3
"['S-21', 'Live_on_Hello_Children_with_Faye_1152017', 'S-21_-_04_-_OrientalOrnamental.mp3']","
Punk, Hardcore ",https://files.freemusicarchive.org/storage-freemusicarchive-org/music/WFMU/S-21/Live_on_Hello_Children_with_Faye_1152017/S-21_-_04_-_OrientalOrnamental.mp3
"['S-21', 'Live_on_Hello_Children_with_Faye_1152017', 'S-21_-_03_-_Jokes_On_You.mp3']","
Punk, Hardcore ",https://files.freemusicarchive.org/storage-freemusicarchive-org/music/WFMU/S-21/Live_on_Hello_Children_with_Faye_1152017/S-21_-_03_-_Jokes_On_You.mp3
"['S-21', 'Live_on_Hello_Children_with_Faye_1152017', 'S-21_-_02_-_Chaos_In_The_City_Streets.mp3']","
Punk, Hardcore ",https://files.freemusicarchive.org/storage-freemusicarchive-org/music/WFMU/S-21/Live_on_Hello_Children_with_Faye_1152017/S-21_-_02_-_Chaos_In_The_City_Streets.mp3
"['S-21', 'Live_on_Hello_Children_with_Faye_1152017', 'S-21_-_01_-_Brass_Gavel.mp3']","
Punk, Hardcore ",https://files.freemusicarchive.org/storage-freemusicarchive-org/music/WFMU/S-21/Live_on_Hello_Children_with_Faye_1152017/S-21_-_01_-_Brass_Gavel.mp3
"['Death_Vacation', 'Live_at_WFMU_for_Champ_Sound_with_DJ_Guy_8112016', 'Death_Vacation_-_12_-_Sores.mp3']","
Punk, Hardcore, Thrash ",https://files.freemusicarchive.org/storage-freemusicarchive-org/music/WFMU/Death_Vacation/Live_at_WFMU_for_Champ_Sound_with_DJ_Guy_8112016/Death_Vacation_-_12_-_Sores.mp3
"['Death_Vacation', 'Live_at_WFMU_for_Champ_Sound_with_DJ_Guy_8112016', 'Death_Vacation_-_11_-_Weak_End.mp3']","
Punk, Hardcore, Thrash ",https://files.freemusicarchive.org/storage-freemusicarchive-org/music/WFMU/Death_Vacation/Live_at_WFMU_for_Champ_Sound_with_DJ_Guy_8112016/Death_Vacation_-_11_-_Weak_End.mp3
"['Death_Vacation', 'Live_at_WFMU_for_Champ_Sound_with_DJ_Guy_8112016', 'Death_Vacation_-_14_-_Parasitic.mp3']","
Punk, Hardcore, Thrash ",https://files.freemusicarchive.org/storage-freemusicarchive-org/music/WFMU/Death_Vacation/Live_at_WFMU_for_Champ_Sound_with_DJ_Guy_8112016/Death_Vacation_-_14_-_Parasitic.mp3
"['Death_Vacation', 'Live_at_WFMU_for_Champ_Sound_with_DJ_Guy_8112016', 'Death_Vacation_-_13_-_Bones_Grow_Cold.mp3']","
Punk, Hardcore, Thrash ",https://files.freemusicarchive.org/storage-freemusicarchive-org/music/WFMU/Death_Vacation/Live_at_WFMU_for_Champ_Sound_with_DJ_Guy_8112016/Death_Vacation_-_13_-_Bones_Grow_Cold.mp3
"['Death_Vacation', 'Live_at_WFMU_for_Champ_Sound_with_DJ_Guy_8112016', 'Death_Vacation_-_10_-_Bastards.mp3']","
Punk, Hardcore, Thrash ",https://files.freemusicarchive.org/storage-freemusicarchive-org/music/WFMU/Death_Vacation/Live_at_WFMU_for_Champ_Sound_with_DJ_Guy_8112016/Death_Vacation_-_10_-_Bastards.mp3
"['Death_Vacation', 'Live_at_WFMU_for_Champ_Sound_with_DJ_Guy_8112016', 'Death_Vacation_-_09_-_Sentience.mp3']","
Punk, Hardcore, Thrash ",https://files.freemusicarchive.org/storage-freemusicarchive-org/music/WFMU/Death_Vacation/Live_at_WFMU_for_Champ_Sound_with_DJ_Guy_8112016/Death_Vacation_-_09_-_Sentience.mp3
"['Death_Vacation', 'Live_at_WFMU_for_Champ_Sound_with_DJ_Guy_8112016', 'Death_Vacation_-_08_-_Delay.mp3']","
Punk, Hardcore, Thrash ",https://files.freemusicarchive.org/storage-freemusicarchive-org/music/WFMU/Death_Vacation/Live_at_WFMU_for_Champ_Sound_with_DJ_Guy_8112016/Death_Vacation_-_08_-_Delay.mp3
"['Death_Vacation', 'Live_at_WFMU_for_Champ_Sound_with_DJ_Guy_8112016', 'Death_Vacation_-_07_-_00.mp3']","
Punk, Hardcore, Thrash ",https://files.freemusicarchive.org/storage-freemusicarchive-org/music/WFMU/Death_Vacation/Live_at_WFMU_for_Champ_Sound_with_DJ_Guy_8112016/Death_Vacation_-_07_-_00.mp3
"['Death_Vacation', 'Live_at_WFMU_for_Champ_Sound_with_DJ_Guy_8112016', 'Death_Vacation_-_06_-_Wet.mp3']","
Punk, Hardcore, Thrash ",https://files.freemusicarchive.org/storage-freemusicarchive-org/music/WFMU/Death_Vacation/Live_at_WFMU_for_Champ_Sound_with_DJ_Guy_8112016/Death_Vacation_-_06_-_Wet.mp3
"['Death_Vacation', 'Live_at_WFMU_for_Champ_Sound_with_DJ_Guy_8112016', 'Death_Vacation_-_05_-_Through_Your_Head.mp3']","
Punk, Hardcore, Thrash ",https://files.freemusicarchive.org/storage-freemusicarchive-org/music/WFMU/Death_Vacation/Live_at_WFMU_for_Champ_Sound_with_DJ_Guy_8112016/Death_Vacation_-_05_-_Through_Your_Head.mp3
"['Death_Vacation', 'Live_at_WFMU_for_Champ_Sound_with_DJ_Guy_8112016', 'Death_Vacation_-_04_-_Blind_Tongue.mp3']","
Punk, Hardcore, Thrash ",https://files.freemusicarchive.org/storage-freemusicarchive-org/music/WFMU/Death_Vacation/Live_at_WFMU_for_Champ_Sound_with_DJ_Guy_8112016/Death_Vacation_-_04_-_Blind_Tongue.mp3
"['Death_Vacation', 'Live_at_WFMU_for_Champ_Sound_with_DJ_Guy_8112016', 'Death_Vacation_-_03_-_Object.mp3']","
Punk, Hardcore, Thrash ",https://files.freemusicarchive.org/storage-freemusicarchive-org/music/WFMU/Death_Vacation/Live_at_WFMU_for_Champ_Sound_with_DJ_Guy_8112016/Death_Vacation_-_03_-_Object.mp3
"['Death_Vacation', 'Live_at_WFMU_for_Champ_Sound_with_DJ_Guy_8112016', 'Death_Vacation_-_02_-_Biter.mp3']","
Punk, Hardcore, Thrash ",https://files.freemusicarchive.org/storage-freemusicarchive-org/music/WFMU/Death_Vacation/Live_at_WFMU_for_Champ_Sound_with_DJ_Guy_8112016/Death_Vacation_-_02_-_Biter.mp3
"['Death_Vacation', 'Live_at_WFMU_for_Champ_Sound_with_DJ_Guy_8112016', 'Death_Vacation_-_01_-_Untitled.mp3']","
Punk, Hardcore, Thrash ",https://files.freemusicarchive.org/storage-freemusicarchive-org/music/WFMU/Death_Vacation/Live_at_WFMU_for_Champ_Sound_with_DJ_Guy_8112016/Death_Vacation_-_01_-_Untitled.mp3
"['Proctophobic', 'Greatest_Hits', 'Proctophobic_-_01_-_The_Wriggling_Crown.mp3']","
Death-Metal, Hardcore, Grindcore ",https://files.freemusicarchive.org/storage-freemusicarchive-org/music/no_curator/Proctophobic/Greatest_Hits/Proctophobic_-_01_-_The_Wriggling_Crown.mp3
"['Proctophobic', 'Greatest_Hits', 'Proctophobic_-_02_-_Castrate_The_Sky.mp3']","
Death-Metal, Hardcore, Grindcore ",https://files.freemusicarchive.org/storage-freemusicarchive-org/music/no_curator/Proctophobic/Greatest_Hits/Proctophobic_-_02_-_Castrate_The_Sky.mp3
"['Proctophobic', 'Greatest_Hits', 'Proctophobic_-_03_-_Abstract_Evil.mp3']","
Death-Metal, Hardcore, Grindcore ",https://files.freemusicarchive.org/storage-freemusicarchive-org/music/no_curator/Proctophobic/Greatest_Hits/Proctophobic_-_03_-_Abstract_Evil.mp3
"['Proctophobic', 'Greatest_Hits', 'Proctophobic_-_04_-_Demogorous_Caggot_Crusher.mp3']","
Death-Metal, Hardcore, Grindcore ",https://files.freemusicarchive.org/storage-freemusicarchive-org/music/no_curator/Proctophobic/Greatest_Hits/Proctophobic_-_04_-_Demogorous_Caggot_Crusher.mp3
"['Proctophobic', 'Greatest_Hits', 'Proctophobic_-_05_-_Fornicating_Upon_The_Altar_Of_My_Fuck.mp3']","
Death-Metal, Hardcore, Grindcore ",https://files.freemusicarchive.org/storage-freemusicarchive-org/music/no_curator/Proctophobic/Greatest_Hits/Proctophobic_-_05_-_Fornicating_Upon_The_Altar_Of_My_Fuck.mp3
"['Proctophobic', 'Greatest_Hits', 'Proctophobic_-_06_-_I_Desire_The_Cranium_Of_A_Xen.mp3']","
Death-Metal, Hardcore, Grindcore ",https://files.freemusicarchive.org/storage-freemusicarchive-org/music/no_curator/Proctophobic/Greatest_Hits/Proctophobic_-_06_-_I_Desire_The_Cranium_Of_A_Xen.mp3
"['Proctophobic', 'Greatest_Hits', 'Proctophobic_-_07_-_Auschwitz_For_Pedophiles.mp3']","
Death-Metal, Hardcore, Grindcore ",https://files.freemusicarchive.org/storage-freemusicarchive-org/music/no_curator/Proctophobic/Greatest_Hits/Proctophobic_-_07_-_Auschwitz_For_Pedophiles.mp3
"['Proctophobic', 'Greatest_Hits', 'Proctophobic_-_08_-_Crepuscular_Wud_Fest.mp3']","
Death-Metal, Hardcore, Grindcore ",https://files.freemusicarchive.org/storage-freemusicarchive-org/music/no_curator/Proctophobic/Greatest_Hits/Proctophobic_-_08_-_Crepuscular_Wud_Fest.mp3
"['Proctophobic', 'Greatest_Hits', 'Proctophobic_-_09_-_Black_Fucking_Masturbation.mp3']","
Death-Metal, Hardcore, Grindcore ",https://files.freemusicarchive.org/storage-freemusicarchive-org/music/no_curator/Proctophobic/Greatest_Hits/Proctophobic_-_09_-_Black_Fucking_Masturbation.mp3
"['Proctophobic', 'Greatest_Hits', 'Proctophobic_-_10_-_I_Cum_Elder_Semen.mp3']","
Death-Metal, Hardcore, Grindcore ",https://files.freemusicarchive.org/storage-freemusicarchive-org/music/no_curator/Proctophobic/Greatest_Hits/Proctophobic_-_10_-_I_Cum_Elder_Semen.mp3
"['Proctophobic', 'Greatest_Hits', 'Proctophobic_-_12_-_Raw_Muscle_In_The_Land_Of_Salt.mp3']","
Death-Metal, Hardcore, Grindcore ",https://files.freemusicarchive.org/storage-freemusicarchive-org/music/no_curator/Proctophobic/Greatest_Hits/Proctophobic_-_12_-_Raw_Muscle_In_The_Land_Of_Salt.mp3
"['Proctophobic', 'Greatest_Hits', 'Proctophobic_-_11_-_Fucking_In_The_Bleak.mp3']","
Death-Metal, Hardcore, Grindcore ",https://files.freemusicarchive.org/storage-freemusicarchive-org/music/no_curator/Proctophobic/Greatest_Hits/Proctophobic_-_11_-_Fucking_In_The_Bleak.mp3
"['Proctophobic', 'Greatest_Hits', 'Proctophobic_-_13_-_Side_A.mp3']","
Death-Metal, Hardcore, Grindcore ",https://files.freemusicarchive.org/storage-freemusicarchive-org/music/no_curator/Proctophobic/Greatest_Hits/Proctophobic_-_13_-_Side_A.mp3
"['Proctophobic', 'Greatest_Hits', 'Proctophobic_-_14_-_The_Smell_Of_Detritus.mp3']","
Death-Metal, Hardcore, Grindcore ",https://files.freemusicarchive.org/storage-freemusicarchive-org/music/no_curator/Proctophobic/Greatest_Hits/Proctophobic_-_14_-_The_Smell_Of_Detritus.mp3
"['Your_Marginally_Talented_Photographer_Girlfriend', 'Had_a_Beby', 'Your_Marginally_Talented_Photographer_Girlfriend_-_06_-_Picking_Up_a_Bingo_Chip.mp3']","
Punk, Death-Metal, Hardcore, Grindcore ",https://files.freemusicarchive.org/storage-freemusicarchive-org/music/no_curator/Your_Marginally_Talented_Photographer_Girlfriend/Had_a_Beby/Your_Marginally_Talented_Photographer_Girlfriend_-_06_-_Picking_Up_a_Bingo_Chip.mp3
"['Your_Marginally_Talented_Photographer_Girlfriend', 'Had_a_Beby', 'Your_Marginally_Talented_Photographer_Girlfriend_-_05_-_Communication_Breakdown.mp3']","
Punk,  Death-Metal, Hardcore, Grindcore ",https://files.freemusicarchive.org/storage-freemusicarchive-org/music/no_curator/Your_Marginally_Talented_Photographer_Girlfriend/Had_a_Beby/Your_Marginally_Talented_Photographer_Girlfriend_-_05_-_Communication_Breakdown.mp3
"['Your_Marginally_Talented_Photographer_Girlfriend', 'Had_a_Beby', 'Your_Marginally_Talented_Photographer_Girlfriend_-_04_-_Blue_Tadpole.mp3']","
Punk, Death-Metal, Hardcore, Grindcore ",https://files.freemusicarchive.org/storage-freemusicarchive-org/music/no_curator/Your_Marginally_Talented_Photographer_Girlfriend/Had_a_Beby/Your_Marginally_Talented_Photographer_Girlfriend_-_04_-_Blue_Tadpole.mp3
"['Your_Marginally_Talented_Photographer_Girlfriend', 'Had_a_Beby', 'Your_Marginally_Talented_Photographer_Girlfriend_-_03_-_Im_Really_Angry.mp3']","
Punk, Death-Metal, Hardcore, Grindcore ",https://files.freemusicarchive.org/storage-freemusicarchive-org/music/no_curator/Your_Marginally_Talented_Photographer_Girlfriend/Had_a_Beby/Your_Marginally_Talented_Photographer_Girlfriend_-_03_-_Im_Really_Angry.mp3
"['Your_Marginally_Talented_Photographer_Girlfriend', 'Had_a_Beby', 'Your_Marginally_Talented_Photographer_Girlfriend_-_02_-_Deu.mp3']","
Punk, Death-Metal, Hardcore, Grindcore ",https://files.freemusicarchive.org/storage-freemusicarchive-org/music/no_curator/Your_Marginally_Talented_Photographer_Girlfriend/Had_a_Beby/Your_Marginally_Talented_Photographer_Girlfriend_-_02_-_Deu.mp3
"['Your_Marginally_Talented_Photographer_Girlfriend', 'Had_a_Beby', 'Your_Marginally_Talented_Photographer_Girlfriend_-_01_-_Beby_Radio.mp3']","
Punk, Death-Metal, Hardcore, Grindcore ",https://files.freemusicarchive.org/storage-freemusicarchive-org/music/no_curator/Your_Marginally_Talented_Photographer_Girlfriend/Had_a_Beby/Your_Marginally_Talented_Photographer_Girlfriend_-_01_-_Beby_Radio.mp3
"['Night_Birds', 'Live_at_Monty_Hall_342016', 'Night_Birds_-_17_-_Left_In_The_Middle.mp3']","
Punk, Thrash ",https://files.freemusicarchive.org/storage-freemusicarchive-org/music/WFMU/Night_Birds/Live_at_Monty_Hall_342016/Night_Birds_-_17_-_Left_In_The_Middle.mp3
"['Night_Birds', 'Live_at_Monty_Hall_342016', 'Night_Birds_-_16_-_New_Cults.mp3']","
Punk, Thrash ",https://files.freemusicarchive.org/storage-freemusicarchive-org/music/WFMU/Night_Birds/Live_at_Monty_Hall_342016/Night_Birds_-_16_-_New_Cults.mp3
"['Night_Birds', 'Live_at_Monty_Hall_342016', 'Night_Birds_-_15_-_Modern_Morons.mp3']","
Punk, Thrash ",https://files.freemusicarchive.org/storage-freemusicarchive-org/music/WFMU/Night_Birds/Live_at_Monty_Hall_342016/Night_Birds_-_15_-_Modern_Morons.mp3
"['Night_Birds', 'Live_at_Monty_Hall_342016', 'Night_Birds_-_14_-_Born_To_Die_Suburbia.mp3']","
Punk, Thrash ",https://files.freemusicarchive.org/storage-freemusicarchive-org/music/WFMU/Night_Birds/Live_at_Monty_Hall_342016/Night_Birds_-_14_-_Born_To_Die_Suburbia.mp3
"['Night_Birds', 'Live_at_Monty_Hall_342016', 'Night_Birds_-_13_-_Escape_From_New_York.mp3']","
Punk, Thrash ",https://files.freemusicarchive.org/storage-freemusicarchive-org/music/WFMU/Night_Birds/Live_at_Monty_Hall_342016/Night_Birds_-_13_-_Escape_From_New_York.mp3
"['Night_Birds', 'Live_at_Monty_Hall_342016', 'Night_Birds_-_12_-_Maimed_For_The_Masses.mp3']","
Punk, Thrash ",https://files.freemusicarchive.org/storage-freemusicarchive-org/music/WFMU/Night_Birds/Live_at_Monty_Hall_342016/Night_Birds_-_12_-_Maimed_For_The_Masses.mp3
"['Night_Birds', 'Live_at_Monty_Hall_342016', 'Night_Birds_-_11_-_Neon_Gray.mp3']","
Punk, Thrash ",https://files.freemusicarchive.org/storage-freemusicarchive-org/music/WFMU/Night_Birds/Live_at_Monty_Hall_342016/Night_Birds_-_11_-_Neon_Gray.mp3
"['Night_Birds', 'Live_at_Monty_Hall_342016', 'Night_Birds_-_10_-_Demon_Haunted_World.mp3']","
Punk, Thrash ",https://files.freemusicarchive.org/storage-freemusicarchive-org/music/WFMU/Night_Birds/Live_at_Monty_Hall_342016/Night_Birds_-_10_-_Demon_Haunted_World.mp3
"['Night_Birds', 'Live_at_Monty_Hall_342016', 'Night_Birds_-_09_-_Mutiny_At_Muscle_Beach.mp3']","
Punk, Thrash ",https://files.freemusicarchive.org/storage-freemusicarchive-org/music/WFMU/Night_Birds/Live_at_Monty_Hall_342016/Night_Birds_-_09_-_Mutiny_At_Muscle_Beach.mp3
"['Night_Birds', 'Live_at_Monty_Hall_342016', 'Night_Birds_-_08_-_Golden_Age_Of_TV.mp3']","
Punk, Thrash ",https://files.freemusicarchive.org/storage-freemusicarchive-org/music/WFMU/Night_Birds/Live_at_Monty_Hall_342016/Night_Birds_-_08_-_Golden_Age_Of_TV.mp3
"['Night_Birds', 'Live_at_Monty_Hall_342016', 'Night_Birds_-_07_-_In_The_RedIn_The_Black.mp3']","
Punk, Thrash ",https://files.freemusicarchive.org/storage-freemusicarchive-org/music/WFMU/Night_Birds/Live_at_Monty_Hall_342016/Night_Birds_-_07_-_In_The_RedIn_The_Black.mp3
"['Night_Birds', 'Live_at_Monty_Hall_342016', 'Night_Birds_-_06_-_The_Other_Side.mp3']","
Punk, Thrash ",https://files.freemusicarchive.org/storage-freemusicarchive-org/music/WFMU/Night_Birds/Live_at_Monty_Hall_342016/Night_Birds_-_06_-_The_Other_Side.mp3
"['Night_Birds', 'Live_at_Monty_Hall_342016', 'Night_Birds_-_05_-_Bad_Biology.mp3']","
Punk, Thrash ",https://files.freemusicarchive.org/storage-freemusicarchive-org/music/WFMU/Night_Birds/Live_at_Monty_Hall_342016/Night_Birds_-_05_-_Bad_Biology.mp3
"['Night_Birds', 'Live_at_Monty_Hall_342016', 'Night_Birds_-_04_-_Midnight_Movies.mp3']","
Punk, Thrash ",https://files.freemusicarchive.org/storage-freemusicarchive-org/music/WFMU/Night_Birds/Live_at_Monty_Hall_342016/Night_Birds_-_04_-_Midnight_Movies.mp3
"['Night_Birds', 'Live_at_Monty_Hall_342016', 'Night_Birds_-_03_-_Killer_Waves.mp3']","
Punk, Thrash ",https://files.freemusicarchive.org/storage-freemusicarchive-org/music/WFMU/Night_Birds/Live_at_Monty_Hall_342016/Night_Birds_-_03_-_Killer_Waves.mp3
"['Night_Birds', 'Live_at_Monty_Hall_342016', 'Night_Birds_-_02_-_Wired.mp3']","
Punk, Thrash ",https://files.freemusicarchive.org/storage-freemusicarchive-org/music/WFMU/Night_Birds/Live_at_Monty_Hall_342016/Night_Birds_-_02_-_Wired.mp3
"['Night_Birds', 'Live_at_Monty_Hall_342016', 'Night_Birds_-_01_-_RKL.mp3']","
Punk, Thrash ",https://files.freemusicarchive.org/storage-freemusicarchive-org/music/WFMU/Night_Birds/Live_at_Monty_Hall_342016/Night_Birds_-_01_-_RKL.mp3
"['Deiezione_HC', 'Demo_2015', 'Deiezione_HC_-_05_-_Come_Il_Canto_Dei_Sioux.mp3']","
Punk, Hardcore ",https://files.freemusicarchive.org/storage-freemusicarchive-org/music/ccCommunity/Deiezione_HC/Demo_2015/Deiezione_HC_-_05_-_Come_Il_Canto_Dei_Sioux.mp3
"['Deiezione_HC', 'Demo_2015', 'Deiezione_HC_-_04_-_Cibo_Non_Bombe.mp3']","
Punk, Hardcore ",https://files.freemusicarchive.org/storage-freemusicarchive-org/music/ccCommunity/Deiezione_HC/Demo_2015/Deiezione_HC_-_04_-_Cibo_Non_Bombe.mp3
"['Deiezione_HC', 'Demo_2015', 'Deiezione_HC_-_03_-_Emancipazione.mp3']","
Punk, Hardcore ",https://files.freemusicarchive.org/storage-freemusicarchive-org/music/ccCommunity/Deiezione_HC/Demo_2015/Deiezione_HC_-_03_-_Emancipazione.mp3
"['Deiezione_HC', 'Demo_2015', 'Deiezione_HC_-_02_-_Sfogare_Il_Dissenso.mp3']","
Punk, Hardcore ",https://files.freemusicarchive.org/storage-freemusicarchive-org/music/ccCommunity/Deiezione_HC/Demo_2015/Deiezione_HC_-_02_-_Sfogare_Il_Dissenso.mp3
"['Deiezione_HC', 'Demo_2015', 'Deiezione_HC_-_01_-_Stenti.mp3']","
Punk, Hardcore ",https://files.freemusicarchive.org/storage-freemusicarchive-org/music/ccCommunity/Deiezione_HC/Demo_2015/Deiezione_HC_-_01_-_Stenti.mp3
"['Titus_Andronicus', 'Live_at_Monty_Hall_982016', 'Titus_Andronicus_-_13_-_A_More_Perfect_Union.mp3']","
Rock, Punk, Hardcore ",https://files.freemusicarchive.org/storage-freemusicarchive-org/music/WFMU/Titus_Andronicus/Live_at_Monty_Hall_982016/Titus_Andronicus_-_13_-_A_More_Perfect_Union.mp3
"['Titus_Andronicus', 'Live_at_Monty_Hall_982016', 'Titus_Andronicus_-_12_-_The_Battle_of_Hampton_Roads.mp3']","
Rock, Punk, Hardcore ",https://files.freemusicarchive.org/storage-freemusicarchive-org/music/WFMU/Titus_Andronicus/Live_at_Monty_Hall_982016/Titus_Andronicus_-_12_-_The_Battle_of_Hampton_Roads.mp3
"['Titus_Andronicus', 'Live_at_Monty_Hall_982016', 'Titus_Andronicus_-_No_Future_Part_I.mp3']","
Rock, Punk, Hardcore ",https://files.freemusicarchive.org/storage-freemusicarchive-org/music/WFMU/Titus_Andronicus/Live_at_Monty_Hall_982016/Titus_Andronicus_-_No_Future_Part_I.mp3
"['Titus_Andronicus', 'Live_at_Monty_Hall_982016', 'Titus_Andronicus_-_10_-_I_Am_The_Electric_Man.mp3']","
Rock, Punk, Hardcore ",https://files.freemusicarchive.org/storage-freemusicarchive-org/music/WFMU/Titus_Andronicus/Live_at_Monty_Hall_982016/Titus_Andronicus_-_10_-_I_Am_The_Electric_Man.mp3
"['Titus_Andronicus', 'Live_at_Monty_Hall_982016', 'Titus_Andronicus_-_09_-_Fatal_Flaw.mp3']","
Rock, Punk, Hardcore ",https://files.freemusicarchive.org/storage-freemusicarchive-org/music/WFMU/Titus_Andronicus/Live_at_Monty_Hall_982016/Titus_Andronicus_-_09_-_Fatal_Flaw.mp3
"['Titus_Andronicus', 'Live_at_Monty_Hall_982016', 'Titus_Andronicus_-_08_-_Lonely_Boy.mp3']","
Rock, Punk, Hardcore ",https://files.freemusicarchive.org/storage-freemusicarchive-org/music/WFMU/Titus_Andronicus/Live_at_Monty_Hall_982016/Titus_Andronicus_-_08_-_Lonely_Boy.mp3
"['Titus_Andronicus', 'Live_at_Monty_Hall_982016', 'Titus_Andronicus_-_07_-_Upon_Viewing_Brughels_Landscape_With_The_Fall_of_Icarus.mp3']","
Rock, Punk, Hardcore ",https://files.freemusicarchive.org/storage-freemusicarchive-org/music/WFMU/Titus_Andronicus/Live_at_Monty_Hall_982016/Titus_Andronicus_-_07_-_Upon_Viewing_Brughels_Landscape_With_The_Fall_of_Icarus.mp3
"['Titus_Andronicus', 'Live_at_Monty_Hall_982016', 'Titus_Andronicus_-_06_-_In_A_Big_City.mp3']","
Rock, Punk, Hardcore ",https://files.freemusicarchive.org/storage-freemusicarchive-org/music/WFMU/Titus_Andronicus/Live_at_Monty_Hall_982016/Titus_Andronicus_-_06_-_In_A_Big_City.mp3
"['Titus_Andronicus', 'Live_at_Monty_Hall_982016', 'Titus_Andronicus_-_05_-_Dimed_Out.mp3']","
Rock, Punk, Hardcore ",https://files.freemusicarchive.org/storage-freemusicarchive-org/music/WFMU/Titus_Andronicus/Live_at_Monty_Hall_982016/Titus_Andronicus_-_05_-_Dimed_Out.mp3
"['Titus_Andronicus', 'Live_at_Monty_Hall_982016', 'Titus_Andronicus_-_04_-_Mr_E_MannFired_Up.mp3']","
Rock,  Punk, Hardcore ",https://files.freemusicarchive.org/storage-freemusicarchive-org/music/WFMU/Titus_Andronicus/Live_at_Monty_Hall_982016/Titus_Andronicus_-_04_-_Mr_E_MannFired_Up.mp3
"['Titus_Andronicus', 'Live_at_Monty_Hall_982016', 'Titus_Andronicus_-_03_-_My_Time_Outside_The_Womb.mp3']","
Rock, Punk, Hardcore ",https://files.freemusicarchive.org/storage-freemusicarchive-org/music/WFMU/Titus_Andronicus/Live_at_Monty_Hall_982016/Titus_Andronicus_-_03_-_My_Time_Outside_The_Womb.mp3
"['Titus_Andronicus', 'Live_at_Monty_Hall_982016', 'Titus_Andronicus_-_02_-_Titus_Andronicus.mp3']","
Rock, Punk, Hardcore ",https://files.freemusicarchive.org/storage-freemusicarchive-org/music/WFMU/Titus_Andronicus/Live_at_Monty_Hall_982016/Titus_Andronicus_-_02_-_Titus_Andronicus.mp3
"['Titus_Andronicus', 'Live_at_Monty_Hall_982016', 'Titus_Andronicus_-_01_-_No_Future_Part_III.mp3']","
Rock, Punk, Hardcore ",https://files.freemusicarchive.org/storage-freemusicarchive-org/music/WFMU/Titus_Andronicus/Live_at_Monty_Hall_982016/Titus_Andronicus_-_01_-_No_Future_Part_III.mp3
"['-_', '-_', '-__-_05_-__.mp3']","
Pop, Punk, Hardcore ",https://files.freemusicarchive.org/storage-freemusicarchive-org/music/no_curator/-_/-_/-__-_05_-__.mp3
"['-_', '-_', '-__-_04_-_.mp3']","
Pop, Punk, Hardcore ",https://files.freemusicarchive.org/storage-freemusicarchive-org/music/no_curator/-_/-_/-__-_04_-_.mp3
"['-_', '-_', '-__-_08_-__.mp3']","
Pop, Punk, Hardcore ",https://files.freemusicarchive.org/storage-freemusicarchive-org/music/no_curator/-_/-_/-__-_08_-__.mp3
"['-_', '-_', '-__-_07_-___.mp3']","
Pop, Punk, Hardcore ",https://files.freemusicarchive.org/storage-freemusicarchive-org/music/no_curator/-_/-_/-__-_07_-___.mp3
"['-_', '-_', '-__-_06_-__.mp3']","
Pop, Punk, Hardcore ",https://files.freemusicarchive.org/storage-freemusicarchive-org/music/no_curator/-_/-_/-__-_06_-__.mp3
"['-_', '-_', '-__-_03_-_.mp3']","
Pop, Punk, Hardcore ",https://files.freemusicarchive.org/storage-freemusicarchive-org/music/no_curator/-_/-_/-__-_03_-_.mp3
"['-_', '-_', '-__-_02_-_.mp3']","
Pop, Punk, Hardcore ",https://files.freemusicarchive.org/storage-freemusicarchive-org/music/no_curator/-_/-_/-__-_02_-_.mp3
"['-_', '-_', '-__-_01_-__Ramones.mp3']","
Pop, Punk, Hardcore ",https://files.freemusicarchive.org/storage-freemusicarchive-org/music/no_curator/-_/-_/-__-_01_-__Ramones.mp3
"['The_One_They_Fear', 'Silence_Is_Consent_EP', 'The_One_They_Fear_-_01_-_Wolves.mp3']","
Loud-Rock, Death-Metal, Hardcore ",https://files.freemusicarchive.org/storage-freemusicarchive-org/music/ccCommunity/The_One_They_Fear/Silence_Is_Consent_EP/The_One_They_Fear_-_01_-_Wolves.mp3
"['The_One_They_Fear', 'Silence_Is_Consent_EP', 'The_One_They_Fear_-_02_-_With_These_Flames.mp3']","
Loud-Rock, Death-Metal, Hardcore ",https://files.freemusicarchive.org/storage-freemusicarchive-org/music/ccCommunity/The_One_They_Fear/Silence_Is_Consent_EP/The_One_They_Fear_-_02_-_With_These_Flames.mp3
"['The_One_They_Fear', 'Silence_Is_Consent_EP', 'The_One_They_Fear_-_03_-_This_Cursed_Hope.mp3']","
Loud-Rock, Death-Metal, Hardcore ",https://files.freemusicarchive.org/storage-freemusicarchive-org/music/ccCommunity/The_One_They_Fear/Silence_Is_Consent_EP/The_One_They_Fear_-_03_-_This_Cursed_Hope.mp3
"['The_One_They_Fear', 'Silence_Is_Consent_EP', 'The_One_They_Fear_-_04_-_The_Dawn.mp3']","
Loud-Rock, Death-Metal, Hardcore ",https://files.freemusicarchive.org/storage-freemusicarchive-org/music/ccCommunity/The_One_They_Fear/Silence_Is_Consent_EP/The_One_They_Fear_-_04_-_The_Dawn.mp3
"['TxSxBx', 'Ruagne', 'TxSxBx_-_04_-_Demoni_e_Dei_Contropotere.mp3']","
Hardcore, Black-Metal, Grindcore ",https://files.freemusicarchive.org/storage-freemusicarchive-org/music/no_curator/TxSxBx/Ruagne/TxSxBx_-_04_-_Demoni_e_Dei_Contropotere.mp3
"['TxSxBx', 'Ruagne', 'TxSxBx_-_03_-_Ngrumme.mp3']","
Hardcore, Black-Metal, Grindcore ",https://files.freemusicarchive.org/storage-freemusicarchive-org/music/no_curator/TxSxBx/Ruagne/TxSxBx_-_03_-_Ngrumme.mp3
"['TxSxBx', 'Ruagne', 'TxSxBx_-_02_-_Ruagne.mp3']","
Hardcore, Black-Metal, Grindcore ",https://files.freemusicarchive.org/storage-freemusicarchive-org/music/no_curator/TxSxBx/Ruagne/TxSxBx_-_02_-_Ruagne.mp3
"['TxSxBx', 'Ruagne', 'TxSxBx_-_01_-_Resta.mp3']","
Hardcore, Black-Metal, Grindcore ",https://files.freemusicarchive.org/storage-freemusicarchive-org/music/no_curator/TxSxBx/Ruagne/TxSxBx_-_01_-_Resta.mp3
"['The_Citadel', '3-song_EP', 'The_Citadel_-_03_-_Vea_blznov.mp3']","
Punk, Hardcore ",https://files.freemusicarchive.org/storage-freemusicarchive-org/music/Radio_Bunker/The_Citadel/3-song_EP/The_Citadel_-_03_-_Vea_blznov.mp3
"['The_Citadel', '3-song_EP', 'The_Citadel_-_01_-_Lthatatlanok.mp3']","
Punk, Hardcore ",https://files.freemusicarchive.org/storage-freemusicarchive-org/music/Radio_Bunker/The_Citadel/3-song_EP/The_Citadel_-_01_-_Lthatatlanok.mp3
"['The_Citadel', '3-song_EP', 'The_Citadel_-_02_-_repy.mp3']","
Punk, Hardcore ",https://files.freemusicarchive.org/storage-freemusicarchive-org/music/Radio_Bunker/The_Citadel/3-song_EP/The_Citadel_-_02_-_repy.mp3
"['Kaleidoscope', 'Live_on_WFMUs_Infinite_Distortion_-_June_13_2016', 'Kaleidoscope_-_01_-_Live_set_on_WFMUs_Infinite_Distortion.mp3']","
Psych-Rock, Hardcore ",https://files.freemusicarchive.org/storage-freemusicarchive-org/music/WFMU/Kaleidoscope/Live_on_WFMUs_Infinite_Distortion_-_June_13_2016/Kaleidoscope_-_01_-_Live_set_on_WFMUs_Infinite_Distortion.mp3
"['Ryvulet', 'Split', 'Ryvulet_-_01_-_Klvntjes_I.mp3']","
Metal, Hardcore ",https://files.freemusicarchive.org/storage-freemusicarchive-org/music/Ziklibrenbib/Ryvulet/Split/Ryvulet_-_01_-_Klvntjes_I.mp3
"['Ryvulet', 'Split', 'Ryvulet_-_02_-_Klvntjes_II.mp3']","
Metal, Hardcore ",https://files.freemusicarchive.org/storage-freemusicarchive-org/music/Ziklibrenbib/Ryvulet/Split/Ryvulet_-_02_-_Klvntjes_II.mp3
"['Oblivion_Riders', 'Goon_Squad.mp3']","
Noise, Experimental, Hardcore, Grindcore ",https://files.freemusicarchive.org/storage-freemusicarchive-org/music/no_curator/Oblivion_Riders/Goon_Squad.mp3
"['Flinstones', 'AS220_Foo_Fest_2016_Sampler', 'Flinstones_-_15_-_Shindig.mp3']","
Hardcore ",https://files.freemusicarchive.org/storage-freemusicarchive-org/music/AS220_Youth/Flinstones/AS220_Foo_Fest_2016_Sampler/Flinstones_-_15_-_Shindig.mp3
"['HUSSY', 'AS220_Foo_Fest_2016_Sampler', 'HUSSY_-_14_-_Were_Strong.mp3']","
Hardcore ",https://files.freemusicarchive.org/storage-freemusicarchive-org/music/AS220_Youth/HUSSY/AS220_Foo_Fest_2016_Sampler/HUSSY_-_14_-_Were_Strong.mp3
"['Otake', 'Tous_Coupables', 'Otake_-_06_-_VI_Mouton_RAID.mp3']","
Punk, Hardcore ",https://files.freemusicarchive.org/storage-freemusicarchive-org/music/ccCommunity/Otake/Tous_Coupables/Otake_-_06_-_VI_Mouton_RAID.mp3
"['Otake', 'Tous_Coupables', 'Otake_-_05_-_V_Juste_une_chanson_Punk.mp3']","
Punk, Hardcore ",https://files.freemusicarchive.org/storage-freemusicarchive-org/music/ccCommunity/Otake/Tous_Coupables/Otake_-_05_-_V_Juste_une_chanson_Punk.mp3
"['Otake', 'Tous_Coupables', 'Otake_-_04_-_IV_Autour_du_monde.mp3']","
Punk, Hardcore ",https://files.freemusicarchive.org/storage-freemusicarchive-org/music/ccCommunity/Otake/Tous_Coupables/Otake_-_04_-_IV_Autour_du_monde.mp3
"['Otake', 'Tous_Coupables', 'Otake_-_03_-_III_CTE.mp3']","
Punk, Hardcore ",https://files.freemusicarchive.org/storage-freemusicarchive-org/music/ccCommunity/Otake/Tous_Coupables/Otake_-_03_-_III_CTE.mp3
"['Otake', 'Tous_Coupables', 'Otake_-_02_-_II_Anarchissimo.mp3']","
Punk, Hardcore ",https://files.freemusicarchive.org/storage-freemusicarchive-org/music/ccCommunity/Otake/Tous_Coupables/Otake_-_02_-_II_Anarchissimo.mp3
"['Otake', 'Tous_Coupables', 'Otake_-_01_-_I_Si_a_continue_comme_a_je_ne_donne_pas_cher_de_moi.mp3']","
Punk, Hardcore ",https://files.freemusicarchive.org/storage-freemusicarchive-org/music/ccCommunity/Otake/Tous_Coupables/Otake_-_01_-_I_Si_a_continue_comme_a_je_ne_donne_pas_cher_de_moi.mp3
"['Cervo', '_Second__EP', 'Cervo_-_03_-_seconda.mp3']","
Punk, Hardcore ",https://files.freemusicarchive.org/storage-freemusicarchive-org/music/no_curator/Cervo/_Second__EP/Cervo_-_03_-_seconda.mp3
"['Cervo', '_Second__EP', 'Cervo_-_02_-_prima.mp3']","
Punk, Hardcore ",https://files.freemusicarchive.org/storage-freemusicarchive-org/music/no_curator/Cervo/_Second__EP/Cervo_-_02_-_prima.mp3
"['Cervo', '_Second__EP', 'Cervo_-_01_-_terza.mp3']","
Punk, Hardcore ",https://files.freemusicarchive.org/storage-freemusicarchive-org/music/no_curator/Cervo/_Second__EP/Cervo_-_01_-_terza.mp3
"['Angstbreaker', 'MMXVI', 'Angstbreaker_-_04_-_23_Straight_Edge.mp3']","
Punk, Hardcore ",https://files.freemusicarchive.org/storage-freemusicarchive-org/music/no_curator/Angstbreaker/MMXVI/Angstbreaker_-_04_-_23_Straight_Edge.mp3
"['Angstbreaker', 'MMXVI', 'Angstbreaker_-_03_-_Stomping_On_Your_Grave.mp3']","
Punk, Hardcore ",https://files.freemusicarchive.org/storage-freemusicarchive-org/music/no_curator/Angstbreaker/MMXVI/Angstbreaker_-_03_-_Stomping_On_Your_Grave.mp3
"['Angstbreaker', 'MMXVI', 'Angstbreaker_-_02_-_LSIA.mp3']","
Punk, Hardcore ",https://files.freemusicarchive.org/storage-freemusicarchive-org/music/no_curator/Angstbreaker/MMXVI/Angstbreaker_-_02_-_LSIA.mp3
"['Angstbreaker', 'MMXVI', 'Angstbreaker_-_01_-_MyFriendIsHipster.mp3']","
Punk, Hardcore ",https://files.freemusicarchive.org/storage-freemusicarchive-org/music/no_curator/Angstbreaker/MMXVI/Angstbreaker_-_01_-_MyFriendIsHipster.mp3
"['Rye_Coalition', 'Live_at_Monty_Hall_2202016', 'Rye_Coalition_-_11_-_We_Ride.mp3']","
Rock, Indie-Rock, Hardcore ",https://files.freemusicarchive.org/storage-freemusicarchive-org/music/WFMU/Rye_Coalition/Live_at_Monty_Hall_2202016/Rye_Coalition_-_11_-_We_Ride.mp3
"['Rye_Coalition', 'Live_at_Monty_Hall_2202016', 'Rye_Coalition_-_10_-_White_Jesus_of_114th_St.mp3']","
Rock, Indie-Rock, Hardcore ",https://files.freemusicarchive.org/storage-freemusicarchive-org/music/WFMU/Rye_Coalition/Live_at_Monty_Hall_2202016/Rye_Coalition_-_10_-_White_Jesus_of_114th_St.mp3
"['Rye_Coalition', 'Live_at_Monty_Hall_2202016', 'Rye_Coalition_-_09_-_ZZ_Topless.mp3']","
Rock, Indie-Rock, Hardcore ",https://files.freemusicarchive.org/storage-freemusicarchive-org/music/WFMU/Rye_Coalition/Live_at_Monty_Hall_2202016/Rye_Coalition_-_09_-_ZZ_Topless.mp3
"['Rye_Coalition', 'Live_at_Monty_Hall_2202016', 'Rye_Coalition_-_08_-_Communication_Breakdance.mp3']","
Rock, Indie-Rock, Hardcore ",https://files.freemusicarchive.org/storage-freemusicarchive-org/music/WFMU/Rye_Coalition/Live_at_Monty_Hall_2202016/Rye_Coalition_-_08_-_Communication_Breakdance.mp3
